requirement_id,function_ids,way,exclusion_reason
R-10,,,"A database schema fact (sub-task columns exist), verified live in the requirement register; not an operation an AI calls."
R-20,,,"A data-integrity property of the BOQ revision service (parent links and breakdown percentages survive a revision), proved by that service's tests; the link functions that add BOQ lines or a revision go through the same service, and there is no separate function for the property."
R-32,,,"A calculation rule of the BOQ view (the total leaves out sub-tasks), enforced in the service and its tests; not an operation."
R-50,,,"The internal and customer dashboard views are a screen of PROJEXA; the numbers they show are readable through a link as records and reports."
R-52,,,"A calculation rule (only the latest revision is counted), enforced in the service and its tests; not an operation."
R-60,,,"Display currency (AED not rupee) is an organisation setting shown by the screens and by the reports; not an operation an AI calls."
R-61,,,"The currency is an organisation setting stored as data, changed by an administrator in Settings; not project data, so it is not on a link."
R-62,,,"Which currency the dashboard and other screens show is a screen concern that follows the organisation setting; not an operation."
R-63,,,"Provisioning persists the currency for a new organisation (fixed at source); an administrator concern, not an operation on a project link."
R-80,,,"The one full selection-layer (pill) path is a PROJEXA screen flow; the AI work link is a separate way in."
R-81,,,"Hiding unwired pills is a PROJEXA screen rule; not an operation."
R-82,,,"Whether the assistant reaches project data or is hidden is a PROJEXA screen rule; the link and the internal chat (way 2) are the ways an AI reaches project data."
R-90,,,"The real backend message shown in the toast is a PROJEXA screen behaviour; not an operation."
R-91,,,"Cold-start Failed to fetch on the first submit is a browser and network behaviour of the PROJEXA screens; not an operation."
R-A1,,,"Rotating the demo admin password is an owner and security action; never done through a link."
R-A2,,,"Recorded in the private KT folder (removed from the public copy); a security action, not an operation on a project link."
R-A3,,,"The compliance-tracker repository visibility decision is an owner decision, not an operation."
R-A4,,,"Tenant isolation (organisation A cannot read organisation B) is a property the link enforces and its tests prove; it is not itself a function."
R-A5,,,"A legal review of third-party code licences; not an operation."
R-B1,,,"A Playwright smoke test over the proven path is test evidence, not an operation."
R-B2,,,"The demo gate (each test passes twice) is test evidence, not an operation."
R-A6,,,"A dependency security fix merged into the UI kit; not an operation."
R-A7,,,"The UI-kit repository visibility decision is an owner decision, not an operation."
R-C15,run_named_report,link_records,"Reports are read through a link (run_named_report); saving a report as a PDF and sharing it to WhatsApp is the signed-in person's own action in PROJEXA, and the share-link function is not on a link."
R-C17,,way4_email,"The email engine is delivered as way 4 (inbound email into the same proposals, WP-12), a channel and not a function; outbound send is the platform's own mailer."
R-92,,,"Keeping the left rail and the right pane in sync is a PROJEXA screen rule; not an operation."
EXC-ITEM-29,,,"A meta item (the software should do all of the above): it is the sum of the other 30 items, each mapped on its own row."
EXC-ITEM-30,,,"A meta item (proper engine, wiring, logic and calculation for all of the above): a quality bar checked by the acceptance register and the persona runs, not a function."
EXC-ITEM-31,,,"A meta item (capture, analyse and fix these for every project): the product goal that the exception-capture functions and the other items serve; not a function of its own."
