requirement_id,function_ids,exclusion_reason,way,note
R-01,create_boq,,link-draft,create_boq: level 2 rank 2; on links since WP-04 (AW-202); the lines go through add_boq_lines and seal_boq
R-02,create_boq,,link-draft,create_boq: level 2 rank 2; on links since WP-04 (AW-202); the lines go through add_boq_lines and seal_boq
R-03,create_boq,,link-draft,create_boq: level 2 rank 2; on links since WP-04 (AW-202); the lines go through add_boq_lines and seal_boq
R-04,create_boq,,link-draft,create_boq: level 2 rank 2; on links since WP-04 (AW-202); the lines go through add_boq_lines and seal_boq
R-10,,"A database schema fact (sub-task columns exist), verified live in the requirement register; not an operation an AI calls.",,
R-11,get_boq_line_items;create_boq,,link-draft;link-read,"get_boq_line_items: rank 3; a member link reads the lines through the boq_lines record kind, money hidden; create_boq: level 2 rank 2; on links since WP-04 (AW-202); the lines go through add_boq_lines and seal_boq"
R-12,create_boq,,link-draft,create_boq: level 2 rank 2; on links since WP-04 (AW-202); the lines go through add_boq_lines and seal_boq
R-13,create_boq,,link-draft,create_boq: level 2 rank 2; on links since WP-04 (AW-202); the lines go through add_boq_lines and seal_boq
R-14,create_boq,,link-draft,create_boq: level 2 rank 2; on links since WP-04 (AW-202); the lines go through add_boq_lines and seal_boq
R-15,get_boq_line_items;create_boq,,link-draft;link-read,"get_boq_line_items: rank 3; a member link reads the lines through the boq_lines record kind, money hidden; create_boq: level 2 rank 2; on links since WP-04 (AW-202); the lines go through add_boq_lines and seal_boq"
R-16,create_boq,,link-draft,create_boq: level 2 rank 2; on links since WP-04 (AW-202); the lines go through add_boq_lines and seal_boq
R-17,create_boq,,link-draft,create_boq: level 2 rank 2; on links since WP-04 (AW-202); the lines go through add_boq_lines and seal_boq
R-18,create_boq,,link-draft,create_boq: level 2 rank 2; on links since WP-04 (AW-202); the lines go through add_boq_lines and seal_boq
R-19,create_boq,,link-draft,create_boq: level 2 rank 2; on links since WP-04 (AW-202); the lines go through add_boq_lines and seal_boq
R-20,,"A data-integrity property of the BOQ revision service (parent links and breakdown percentages survive a revision), proved by that service's tests; the link functions that add BOQ lines or a revision go through the same service, and there is no separate function for the property.",,
R-21,compare_boq_revisions,,link_read,Revision variation against the prior revision or any other revision of the project (againstBoqId). Manager rank; cost-visibility rule of the compare route applied.
R-22,compare_boq_revisions,,link_read,The warnings of the comparison name lines removed with progress (the same helper the revision guard uses).
R-23,compare_boq_revisions,,link_read,"As R-22, for quantity reductions."
R-24,compare_boq_revisions,,link_read,The comparison flags a percentage-only change.
R-30,get_boq_line_items,,link-read,"get_boq_line_items: rank 3; a member link reads the lines through the boq_lines record kind, money hidden"
R-31,get_boq_line_items,,link-read,"get_boq_line_items: rank 3; a member link reads the lines through the boq_lines record kind, money hidden"
R-32,,"A calculation rule of the BOQ view (the total leaves out sub-tasks), enforced in the service and its tests; not an operation.",,
R-33,run_named_report,,link-read,run_named_report: rank 2; currency columns and the note are withheld below manager; budget-vs-actual and budget-variance are manager reports
R-40,create_progress_category,,link-l1-write,the category a work activity sits in; create_activity (WP-07) then names the activity; both are needed before record_work_progress on a new project
R-41,run_named_report,,link-read,run_named_report: rank 2; currency columns and the note are withheld below manager; budget-vs-actual and budget-variance are manager reports
R-42,run_named_report,,link-read,run_named_report: rank 2; currency columns and the note are withheld below manager; budget-vs-actual and budget-variance are manager reports
R-43,run_named_report,,link-read,run_named_report: rank 2; currency columns and the note are withheld below manager; budget-vs-actual and budget-variance are manager reports
R-44,run_named_report,,link-read,run_named_report: rank 2; currency columns and the note are withheld below manager; budget-vs-actual and budget-variance are manager reports
R-45,run_named_report,,link-read,run_named_report: rank 2; currency columns and the note are withheld below manager; budget-vs-actual and budget-variance are manager reports
R-46,update_progress_entry,,link-l1-write,"corrects a mis-keyed entry in place (the service re-derives the linked schedule completion); it does not add a second entry, so whether R-46 wants a kept history is a question for the PM"
R-47,update_progress_entry,,link-l1-write,percentComplete above 100 is refused by the service (400); the executor passes it through
R-48,get_daily_progress_report;create_site_diary,,link-l0-read;link-l1-write,"entries and the names of the day's documents are readable; site photos of PROJEXA's own database (work_progress_photos) are not reachable from the link, and the report shows document names only"
R-50,,The internal and customer dashboard views are a screen of PROJEXA; the numbers they show are readable through a link as records and reports.,,
R-51,run_named_report,,link-read,run_named_report: rank 2; currency columns and the note are withheld below manager; budget-vs-actual and budget-variance are manager reports
R-52,,"A calculation rule (only the latest revision is counted), enforced in the service and its tests; not an operation.",,
R-60,,Display currency (AED not rupee) is an organisation setting shown by the screens and by the reports; not an operation an AI calls.,,
R-61,,"The currency is an organisation setting stored as data, changed by an administrator in Settings; not project data, so it is not on a link.",,
R-62,,Which currency the dashboard and other screens show is a screen concern that follows the organisation setting; not an operation.,,
R-63,,"Provisioning persists the currency for a new organisation (fixed at source); an administrator concern, not an operation on a project link.",,
R-70,apply_boq_import;preview_boq_import,,link-draft;link-read,apply_boq_import: level 2 rank 2; needs a sheet already stored as a project document; the answer carries no money below manager; preview_boq_import: rank 3; needs a sheet already stored as a project document
R-71,apply_boq_import;preview_boq_import,,link-draft;link-read,apply_boq_import: level 2 rank 2; needs a sheet already stored as a project document; the answer carries no money below manager; preview_boq_import: rank 3; needs a sheet already stored as a project document
R-72,apply_boq_import;preview_boq_import,,link-draft;link-read,apply_boq_import: level 2 rank 2; needs a sheet already stored as a project document; the answer carries no money below manager; preview_boq_import: rank 3; needs a sheet already stored as a project document
R-80,,The one full selection-layer (pill) path is a PROJEXA screen flow; the AI work link is a separate way in.,,
R-81,,Hiding unwired pills is a PROJEXA screen rule; not an operation.,,
R-82,,Whether the assistant reaches project data or is hidden is a PROJEXA screen rule; the link and the internal chat (way 2) are the ways an AI reaches project data.,,
R-90,,The real backend message shown in the toast is a PROJEXA screen behaviour; not an operation.,,
R-91,,Cold-start Failed to fetch on the first submit is a browser and network behaviour of the PROJEXA screens; not an operation.,,
R-A1,,Rotating the demo admin password is an owner and security action; never done through a link.,,
R-A2,,"Recorded in the private KT folder (removed from the public copy); a security action, not an operation on a project link.",,
R-A3,,"The compliance-tracker repository visibility decision is an owner decision, not an operation.",,
R-A4,,Tenant isolation (organisation A cannot read organisation B) is a property the link enforces and its tests prove; it is not itself a function.,,
R-A5,,A legal review of third-party code licences; not an operation.,,
R-B1,,"A Playwright smoke test over the proven path is test evidence, not an operation.",,
R-B2,,"The demo gate (each test passes twice) is test evidence, not an operation.",,
R-A6,,A dependency security fix merged into the UI kit; not an operation.,,
R-A7,,"The UI-kit repository visibility decision is an owner decision, not an operation.",,
R-C01,create_permit,,link_write_l1,"Permit register entry: name, permit number, authority, issue date and end date, stored as a link to an https address (bytes are not uploaded through a link). Drops the dashboard's permits-expiring cache like the permits route."
R-C02,create_drawing;update_document_metadata,,link_draft_l2;link_write_l1,"Drawing register entry by https link; a current drawing supersedes the previous revision of the same Drawing No., so it is a draft the person confirms. Bytes are not uploaded through a link. / Rename a drawing or change its expiry date; drawing number, revision and status are set when the drawing is created (create_drawing, wave 5)."
R-C03,update_document_metadata,,link_write_l1,"Fix a project document's name, category or expiry date. A document is never re-linked to another project and its metadata is not patched."
R-C04,create_mom;update_mom_minutes;add_meeting_action_item;add_meeting_outcome;publish_mom,,link_write,"Minutes of meeting: create (level 1), amend the minutes (level 1, history kept), add an action item (level 1, assignee must be a project person), record a project meeting's outcome (level 1), publish and lock (level 2 draft, manager rank, no model pass). A public share link or PDF is not here: a public token link is excluded."
R-C07,run_named_report;get_manpower_cost_report;record_attendance_batch;update_roster_entry,,link-read;link-l1-write;link-l2-draft,run_named_report: rank 2; currency columns and the note are withheld below manager; budget-vs-actual and budget-variance are manager reports; get_manpower_cost_report: rank 2; cost is null below manager / attendance sheet for many workers in one call; a change to a worker or a daily rate is a draft the person confirms; day costs and rates are null below the manager rank
R-C08,record_material_issue;create_material;void_material_receipt;get_material_cost_report;record_material_receipt,,link-l1-write;link-l2-draft;link-l0-read;link_draft_l2,"issue out of site stock (on-hand enforced), a new material and a voided receipt are drafts or direct as listed in the policy, and the cost report is manager rank; record_material_receipt is U-38 and is wave 5's review / Material receipt with quantity, date, reference; the unit cost makes it a draft and it is null in the answer below the manager rank. vendorId is not a link parameter (a supplier is an organisation record)."
R-C09,update_line_item_budget;get_project_budget_variance,,link-draft;link_read,update_line_item_budget: level 2 rank 3; the vendor must be a supplier of the organisation / Budget against the ledger for a budget whose cost centre is this project's. Manager rank.
R-C10,get_project_schedule;create_schedule_task;get_gantt_schedule;compare_schedule_baseline;capture_schedule_baseline;update_task,,link-direct;link-read;link_read_write,"get_project_schedule: rank 2; filters statusId and assigneeId; create_schedule_task: rank 2; a direct write; BOQ line, predecessor, issue type and assignees held to the project or organisation / Schedule depth: the Gantt with critical path, a comparison against a frozen baseline, freezing a baseline (level 2, manager rank) and updating a task (level 1, listed keys only, completion refused on a task whose progress comes from the site)."
R-C11,run_named_report;get_material_cost_report;get_project_budget_variance;submit_kpi_entry;approve_kpi_entry,,link-read;link-l0-read;link_read;link_draft_l2,"run_named_report: rank 2; currency columns and the note are withheld below manager; budget-vs-actual and budget-variance are manager reports / the material cost report only; the other Revenue / Budget / Actual reports are wave 1 (run_named_report) / One of the reports an AI can read for the project (budget vs actual); the named reports are wave 1. / KPI values for the project's own KPIs: submitted at rank 2 (the value is null in the answer below the manager rank), approved at rank 3 by a person other than the submitter. Organisation-wide KPIs cannot be written from a project link. The report rows themselves are run_named_report (wave 1)."
R-C12,run_named_report;get_designer_timesheet_report;approve_timesheet;reject_timesheet;submit_timesheet,,link-read;link_draft_l2,"run_named_report: rank 2; currency columns and the note are withheld below manager; budget-vs-actual and budget-variance are manager reports; get_designer_timesheet_report: rank 2; the project part only; money null below manager / The approval half of timesheets: a manager's decision, level 2 draft, manager rank, judged from the person's own row as well. / submit_timesheet: sends the person's own draft time entry of this project for review (level 2, member rank), so an entry recorded through a link reaches the manager's queue; the person confirms it signed in and it approves nothing (approve_timesheet stays the manager's own draft). Found by the WP-14 persona run and closed by the persona-findings fix; tests in executor-submit-timesheet.test.ts."
R-C13,compare_boq_revisions,,link_read,The negative-variation-against-progress guard is shown as the comparison's warnings.
R-C14,create_site_instruction,,link-draft,create_site_instruction: level 2 rank 2; the BOQ it varies must be a BOQ of the link project
R-C15,run_named_report,"Reports are read through a link (run_named_report); saving a report as a PDF and sharing it to WhatsApp is the signed-in person's own action in PROJEXA, and the share-link function is not on a link.",link_records,
R-C16,capture_artifact;create_wiki_page;update_wiki_page,,link_write_l1,"Save a note on the project (text only, 2000 characters through a link). recall_precedent stays excluded: institutional memory is organisation-scoped. / Project wiki pages (plain text, 2000 characters through a link): create with an optional parent page of the same project, edit title and text (version goes up). Archiving stays with the person."
R-C17,,"The email engine is delivered as way 4 (inbound email into the same proposals, WP-12), a channel and not a function; outbound send is the platform's own mailer.",way4_email,
R-92,,Keeping the left rail and the right pane in sync is a PROJEXA screen rule; not an operation.,,
R-93,get_boq_line_items,,link-read,"get_boq_line_items: rank 3; a member link reads the lines through the boq_lines record kind, money hidden"
R-94,get_project_schedule;list_milestones;create_milestone;update_milestone;create_schedule_task;get_gantt_schedule;compare_schedule_baseline;update_task,,link-direct;link-read;link_read_write,"get_project_schedule: rank 2; filters statusId and assigneeId; list_milestones: rank 2; create_milestone: rank 2; a direct write; update_milestone: rank 2; the milestone must be on the link project; create_schedule_task: rank 2; a direct write; BOQ line, predecessor, issue type and assignees held to the project or organisation / Milestones and schedule reads and the task update; milestone create and update are wave 1."
R-95,list_billing_claims;get_billing_due_queue;create_progress_claim;draft_progress_claim;submit_progress_claim;reject_progress_claim,,link-read;link_draft_l2,"list_billing_claims: rank 3; the read half of R-95 only, no billing write exists on any surface (owner decision R-95); get_billing_due_queue: rank 3; the read half of R-95 only, no billing write exists on any surface (owner decision R-95) / Billing claims through a link are proposals a signed-in person confirms (owner decision PMD-41): a claim is created for a BOQ of the project and a customer the project bills, then moved to drafted, submitted or queried. All four are level 2, money sensitive, manager rank. Approving a claim (it records the customer's own decision) and invoicing one have no function."
R-96,create_boq,,link-draft,create_boq: level 2 rank 2; on links since WP-04 (AW-202); the lines go through add_boq_lines and seal_boq
R-97,create_change_order;list_change_orders;get_change_order;create_rfi;submit_change_order_for_approval,,link-draft;link-read;link-l1-write;link_draft_l2,"create_change_order: level 2 rank 2; the cost impact is null in the answer below manager; capture path only, detection is a later wave; list_change_orders: rank 2; cost impact null below manager; get_change_order: rank 2; a change order of another project reads as absent / indirect only: an RFI is where a scope question is raised; the change order itself is wave 2 and wave 7 / Sends a draft change order to e-signature for the named external signers (names and e-mail addresses checked, at most 10, signing tokens never returned). Level 2, manager rank. Approval itself stays the signers' own e-signature: no function marks a change order approved or rejected."
R-98,create_change_order;compare_boq_revisions;submit_boq_for_approval,,link-draft;link_read;link_draft_l2,"create_change_order: level 2 rank 2; the cost impact is null in the answer below manager; capture path only, detection is a later wave / Read side of the change-order-to-BOQ comparison; sourceChangeOrderId on create_boq_revision is wave 2. / A draft BOQ (including a revision made from a change order) is submitted for approval. Level 2, manager rank. Approving it stays with the person."
R-99,run_named_report;get_project_analysis,,link-read,run_named_report: rank 2; currency columns and the note are withheld below manager; budget-vs-actual and budget-variance are manager reports; get_project_analysis: rank 3; the route is manager only
R-100,get_project_analysis,,link-read,get_project_analysis: rank 3; the route is manager only
EXC-ITEM-01,create_site_diary;get_project_exceptions,,link-l1-write;link_read,"the capture side: work done can be written to the diary; the detector itself is wave 6 (get_project_exceptions) / Read side of the 28-item report: the item is in the checks, flagged with its records. Manager rank (the details quote amounts)."
EXC-ITEM-02,create_change_order;get_project_exceptions,,link-draft;link_read,"create_change_order: level 2 rank 2; the cost impact is null in the answer below manager; capture path only, detection is a later wave / Read side only."
EXC-ITEM-03,create_drawing;set_progress_drawing,,link_draft_l2,"create_drawing adds the drawing (read side); set_progress_drawing records which drawing a progress entry was built from and confirms it (AW-312, level 2, rank 2)."
EXC-ITEM-04,create_drawing;set_progress_drawing,,link_draft_l2,"Same as EXC-ITEM-03: a superseded drawing may be recorded, the answer says it is no longer the latest version."
EXC-ITEM-05,create_rfi;answer_rfi;close_rfi;create_submittal;review_submittal;get_project_exceptions;submit_change_order_for_approval,,link-l1-write;link-l2-draft;link_read;link_draft_l2,the RFI and submittal half of stuck approvals; the e-signature half (change orders) is wave 7 / Read side only. / Capture side of 'approvals stuck': a change order that sits in draft can be sent for approval. The read side is get_project_exceptions.
EXC-ITEM-06,create_change_order;get_project_exceptions,,link-draft;link_read,"create_change_order: level 2 rank 2; the cost impact is null in the answer below manager; capture path only, detection is a later wave / Read side only."
EXC-ITEM-07,get_project_exceptions;submit_boq_for_approval,,link_read;link_draft_l2,Read side only. / Capture side of 'work without an approved BOQ': the BOQ can be submitted; approving it (approve_boq) has no function and stays with the person.
EXC-ITEM-08,create_site_diary;get_project_exceptions,,link-l1-write;link_read,the capture side only / Read side only.
EXC-ITEM-09,get_project_exceptions,,link_read,Read side only.
EXC-ITEM-10,get_project_exceptions;record_vendor_dispute,,link_draft_l2,"Read side plus the write path that did not exist (AW-312): an open vendor dispute, optionally on one BOQ line and with an amount (money, null below the manager rank in the answer)."
EXC-ITEM-11,get_project_exceptions;record_customer_complaint,,link_draft_l2,Read side plus the write path (AW-312): category work_dispute.
EXC-ITEM-12,get_project_exceptions;record_customer_complaint,,link_draft_l2,Read side plus the write path (AW-312): any open complaint.
EXC-ITEM-13,get_project_exceptions,,link_read,Read side only.
EXC-ITEM-14,get_project_exceptions,,link_read,Read side only.
EXC-ITEM-15,get_project_exceptions;record_customer_approval,,link_draft_l2,"Read side plus the write path (AW-312): the customer's approval of an internally approved BOQ, with an evidence document of the project; level 2, manager rank."
EXC-ITEM-16,get_project_exceptions;record_customer_approval,,link_draft_l2,Same as EXC-ITEM-15.
EXC-ITEM-17,get_project_exceptions,,link_read,Read side only.
EXC-ITEM-18,record_material_issue;get_project_exceptions,,link-l1-write;link_read,an issue names the BOQ line it is booked against; the BOQ line must be on the project (refused otherwise); the detector is wave 6 / Read side only.
EXC-ITEM-19,record_material_issue;get_project_exceptions,,link-l1-write;link_read,the capture side; the issue ledger is what the detector reads / Read side only.
EXC-ITEM-20,create_site_diary;get_project_exceptions,,link-l1-write;link_read,"the capture side: one entry per project per day, a second is refused (ALREADY_RECORDED) / Read side only."
EXC-ITEM-21,update_roster_entry;get_project_exceptions;link_roster_employee,,link-l2-draft;pipeline_only,"the roster is editable; there is still no writer for the roster's employee link (employee_id), so the exception cannot be closed from the link / Read side on a link; the write (link a roster row to an employee profile) is on NO link because an employee id is HR data, not project data. The internal pipeline runs it for a manager."
EXC-ITEM-22,get_project_exceptions,,link_read,Read side only.
EXC-ITEM-23,get_project_exceptions,,link_read,Read side only.
EXC-ITEM-24,create_punch_list_item;mark_punch_item_ready;verify_punch_item_closed;get_project_exceptions,,link-l1-write;link-l2-draft;link_read,"snags can be raised, marked ready and verified closed by an independent person (manager rank, draft on a link); retention release is ERP and not on a link / Read side only."
EXC-ITEM-25,get_project_exceptions,,link_read,Read side only.
EXC-ITEM-26,create_site_diary;get_project_exceptions,,link-l1-write;link_read,the capture side only / Read side only.
EXC-ITEM-27,record_material_issue;get_project_exceptions,,link-l1-write;link_read,the capture side only / Read side only.
EXC-ITEM-28,update_progress_entry;get_project_exceptions,,link-l1-write;link_read,the fix side of a progress regression: the entry can be corrected; the detector is wave 6 / Read side only.
EXC-ITEM-29,,"A meta item (the software should do all of the above): it is the sum of the other 30 items, each mapped on its own row.",,
EXC-ITEM-30,,"A meta item (proper engine, wiring, logic and calculation for all of the above): a quality bar checked by the acceptance register and the persona runs, not a function.",,
EXC-ITEM-31,,"A meta item (capture, analyse and fix these for every project): the product goal that the exception-capture functions and the other items serve; not a function of its own.",,
