"key","edition","part","job","law codes","playbook present","law text OK (Y/N)","guidance OK (Y/N)","'doesn't apply' wording OK (Y/N)","comment"
"firm-01","firm","1","Name the Grievance Officer (responsible for DPDP policy)","d:§8(9) d:§8(10) s:R5(9)","yes","","","",""
"firm-02","firm","1","Name a DPDP coordinator","g:","yes","","","",""
"firm-03","firm","1","Publish the Grievance Officer’s name and contact — on your website or a free VERIDIAN page","d:§8(9) d:R9 s:R5(9)","yes","","","",""
"firm-04","firm","2","Write down where it is kept, why you need it, and who can open it","d:§4 d:§8(4)","yes","","","",""
"firm-05","firm","2","Write down where it is kept, why you need it, and who can open it","d:§7(i) d:§8(4)","yes","","","",""
"firm-06","firm","2","Write down where it is kept, why you need it, and who can open it","d:§4 d:§8(4)","yes","","","",""
"firm-07","firm","2","Write down where it is kept, why you need it, and who can open it","d:§4 d:§8(4)","yes","","","",""
"firm-08","firm","2","Write down where the recordings are kept and for how long","d:§4 d:§8(7)","yes","","","",""
"firm-09","firm","2","Write down where fingerprints or face scans are stored and who can open them","d:§8(5) s:R3","yes","","","",""
"firm-10","firm","2","Write down how long each is kept — keep only what tax and labour law require, delete the rest","d:§8(7) d:R8","yes","","","",""
"firm-11","firm","3","Give a privacy notice when you collect their data — on the form, invoice or website","d:§5 d:R3 s:R5(3)","yes","","","",""
"firm-12","firm","3","Take consent before sending marketing messages — and make stopping as easy as starting","d:§6(1) d:§6(4)","yes","","","",""
"firm-13","firm","3","Tell staff what you hold and why — no consent is needed for employment","d:§5 d:§7(i)","yes","","","",""
"firm-14","firm","3","Take written consent for sensitive data","s:R5(1)","yes","","","",""
"firm-15","firm","3","Publish a privacy policy on the website","s:R4 d:§5 d:R3","yes","","","",""
"firm-16","firm","3","Put up a notice wherever there is a camera","d:§5","yes","","","",""
"firm-17","firm","4","Mask Aadhaar copies — keep only the last 4 digits visible","a:§29 d:§8(5) d:R6","yes","","","",""
"firm-18","firm","4","Passwords on every computer, access only for those who need it, regular backups","d:§8(5) d:R6 s:R8","yes","","","",""
"firm-19","firm","4","Keep a record of who opened personal data — for at least one year","d:R6(1)(c) d:R8(3)","yes","","","",""
"firm-20","firm","4","Write down what to do if data leaks — tell the Board and every person affected, full report within 72 hours","d:§8(6) d:R7","yes","","","",""
"firm-21","firm","4","Check your own laptop and phone for customer data — never forward it on personal WhatsApp","d:§8(5)","yes","","","",""
"firm-22","firm","5","Website firm signs the data agreement","d:§8(2) d:R6(1)(f) s:R7","yes","","","",""
"firm-23","firm","5","Payroll firm signs the data agreement","d:§8(2) d:R6(1)(f) s:R7","yes","","","",""
"firm-24","firm","5","Group company signs a data-sharing agreement","d:§8(2) s:R7","yes","","","",""
"firm-25","firm","5","Check where your software keeps data — Tally, Zoho, Google — and whether it is outside India","d:§8(2) d:§16 d:R15","yes","","","",""
"firm-26","firm","6","Publish how people can ask to see, correct or delete their data","d:§11 d:§12 d:R14(1)","yes","","","",""
"firm-27","firm","6","Answer every complaint within 90 days — within one month under today’s law","d:§13 d:R14(3) s:R5(9)","yes","","","",""
"firm-28","firm","6","Delete a customer’s data when they ask or when it is no longer needed — and tell anyone you shared it with","d:§8(7) d:§12(3)","yes","","","",""
"firm-29","firm","7","Owner confirms all the answers are true","d:§8(1)","yes","","","",""
"firm-30","firm","7","CA manager checks the proof","g:","yes","","","",""
"firm-31","firm","7","CA partner signs the file","g:","yes","","","",""
"institution-01","institution","1","Name the Grievance Officer (responsible for DPDP policy)","d:§8(9) d:§8(10)","yes","","","",""
"institution-02","institution","1","Name a DPDP coordinator","g:","yes","","","",""
"institution-03","institution","1","Publish the Grievance Officer’s name and contact — on the school website or a free VERIDIAN page","d:§8(9) d:R9","yes","","","",""
"institution-04","institution","2","Write down where it is kept — ERP, admission files, UDISE+ — and who can open it","d:§4 d:§8(4) d:§9","yes","","","",""
"institution-05","institution","2","Write down where it is kept and who can open it","d:§4 d:§8(4)","yes","","","",""
"institution-06","institution","2","Write down where it is kept and who can open it","d:§7(i) d:§8(4)","yes","","","",""
"institution-07","institution","2","Write down where they are — school phones, website, magazine, Instagram","d:§8(4) d:§9","yes","","","",""
"institution-08","institution","2","Write down what the bus system records and who can see it","d:§8(4) d:§9(3) d:R12","yes","","","",""
"institution-09","institution","2","Write down where recordings are kept and for how long","d:§4 d:§8(7)","yes","","","",""
"institution-10","institution","2","Write down how long each is kept — admission and TC registers as your board requires; delete the rest","d:§8(7) d:R8","yes","","","",""
"institution-11","institution","3","Take verifiable consent from a parent at admission — the school exemption covers only tracking for learning and safety, not admission data","d:§9(1) d:R10 d:R12","yes","","","",""
"institution-12","institution","3","Take a separate Yes or No from parents for photos on the website, magazine and social media","d:§6 d:§9(1)","yes","","","",""
"institution-13","institution","3","Give parents a notice — what you hold, why, and how to complain","d:§5 d:R3","yes","","","",""
"institution-14","institution","3","Tell staff what you hold and why — no consent is needed for employment","d:§5 d:§7(i)","yes","","","",""
"institution-15","institution","3","Put up a notice wherever there is a camera","d:§5","yes","","","",""
"institution-16","institution","4","Mask Aadhaar copies — keep only the last 4 digits visible","a:§29 d:§8(5) d:R6","yes","","","",""
"institution-17","institution","4","Passwords on the ERP and every office computer, access only for those who need it, backups","d:§8(5) d:R6","yes","","","",""
"institution-18","institution","4","Keep a record of who opened student data — for at least one year","d:R6(1)(c) d:R8(3)","yes","","","",""
"institution-19","institution","4","Write down what to do if data leaks — tell the Board and every family affected, full report within 72 hours","d:§8(6) d:R7","yes","","","",""
"institution-20","institution","4","Check your own laptop and phone for student photos and marks — never share them on personal WhatsApp","d:§8(5) d:§9","yes","","","",""
"institution-21","institution","4","No ads, profiling or tracking of children beyond learning and safety","d:§9(3) d:R12","yes","","","",""
"institution-22","institution","5","Bus firm signs the data agreement — location only during the journey, only for safety","d:§8(2) d:R12","yes","","","",""
"institution-23","institution","5","School software firm signs the data agreement","d:§8(2) d:R6(1)(f)","yes","","","",""
"institution-24","institution","5","Check where your apps keep data — ERP, fee app, WhatsApp groups — and whether it is outside India","d:§8(2) d:§16 d:R15","yes","","","",""
"institution-25","institution","6","Publish how parents can ask to see, correct or delete their child’s data","d:§11 d:§12 d:R14(1)","yes","","","",""
"institution-26","institution","6","Answer every complaint within 90 days","d:§13 d:R14(3)","yes","","","",""
"institution-27","institution","6","Delete a student’s data when it is no longer needed — keep the registers your board requires","d:§8(7) d:§12(3)","yes","","","",""
"institution-28","institution","7","Sign off all the answers","d:§8(1)","yes","","","",""
